Model;Scenario;MAE_train;MAE_test;R2_train;R2_test
Random Forest;Base Scenario;148.59766648921106;339.9978020256352;0.9886067935879173;0.9428547425750198
Random Forest Subset;Base Scenario;196.44400491694356;571.1995751471954;0.9845300190823484;0.8976850784243835
Random Forest Subset;RandomSearch;238.34915897237207;588.1546071071233;0.9729599980643407;0.8907510333450398
Random Forest Subset;GridSearch;192.2923300680694;563.0343693589151;0.9847634014761512;0.9000349020291304
Random Forest;Partly optimisation;192.26444557296085;559.9245925092235;0.9849024304325009;0.9007936868952648
