Model;Scenario;MAE_train;MAE_test;R2_train;R2_test
Tensorflow;Basemodel;246.25003051757812;301.1103210449219;0.9566420316696167;0.9569069147109985
Tensorflow;Hypertuned model;242.2148895263672;294.3996887207031;0.9594392776489258;0.9568641781806946
