Model;Scenario;MAE_train;MAE_test;R2_train;R2_test
Tensorflow;Basemodel;253.0460662841797;308.5250549316406;0.9536450505256653;0.9556991457939148
