Model;Scenario;MAE_train;MAE_test;R2_train;R2_test
Tensorflow;Basemodel;278.3053894042969;313.6964416503906;0.9490341544151306;0.9545659422874451
Tensorflow subset;Basemodel subset;641.76513671875;633.2435302734375;0.8543689250946045;0.8647044897079468
Tensorflow subset;Hypertuned model subset;541.5097045898438;523.2578735351562;0.8817657232284546;0.8951389193534851
Tensorflow;Hypertuned model;256.813232421875;298.9877014160156;0.951947033405304;0.9573100805282593
