Model;Scenario;MAE_train;MAE_test;R2_train;R2_test
Tensorflow;Basemodel;258.1114807128906;304.8496398925781;0.9537813663482666;0.9554479122161865
Tensorflow;Basemodel subset;632.7100830078125;626.5993041992188;0.8645563721656799;0.8739199042320251
Tensorflow;Hypertuned model;536.809326171875;519.4818725585938;0.875159740447998;0.8851757049560547
