Model;Scenario;MAE_train;MAE_test;R2_train;R2_test
Tensorflow;Basemodel;258.1114807128906;304.8496398925781;0.9537813663482666;0.9554479122161865
Tensorflow subset;Basemodel subset;632.7100830078125;626.5993041992188;0.8645563721656799;0.8739199042320251
Tensorflow subset;Hypertuned model;505.60198974609375;493.1422119140625;0.8900206089019775;0.8995216488838196
Tensorflow;Hypertuned model;218.17984008789062;274.4520263671875;0.9631756544113159;0.9541674256324768
