Model;Scenario;MAE_train;MAE_test;R2_train;R2_test
Tensorflow;Basemodel;255.9613037109375;301.0138244628906;0.953223466873169;0.9574518799781799
