Model;Scenario;MAE_train;MAE_test;R2_train;R2_test
Tensorflow;Basemodel;255.9613037109375;301.0138244628906;0.953223466873169;0.9574518799781799
Tensorflow;Hypertuned model;240.72804260253906;295.487548828125;0.9578826427459717;0.9553456902503967
