model;mae_train;mae_test;r2_train;r2_test
nnet_base;347.44700147930706;456.5760896710529;0.9648138981928445;0.9423345707339196
nnet_randomsearch;349.73247642040303;457.666501517907;0.9647845059978767;0.9416819463077155
