Parameter;ParameterValue;MaeTrain;MaeTest;R2Train;R2Test
n_estimators;50;150.31595258693247;343.1261088186866;0.9883563706429285;0.9422143137876258
n_estimators;100;148.59766648921106;339.99780202563517;0.9886067935879173;0.9428547425750197
n_estimators;150;147.90396194713466;339.94615429974556;0.9887546854895531;0.9436922370891155
ccp_alpha;0.0;148.59766648921106;339.99780202563517;0.9886067935879173;0.9428547425750197
ccp_alpha;0.15;149.5226048576027;339.8604482927408;0.9886028590909796;0.9428546754640007
ccp_alpha;0.3;150.08072695937844;339.7605912437446;0.988598552250582;0.9428613623615394
